cat_num,buys,session_nums,ratio
1,405168,8241485,0.049162014
2,70060,822828,0.085145377
3,23177,143047,0.162023671
4,7488,29913,0.250325945
5,2565,8420,0.304631829
6,865,2655,0.325800377
7,264,911,0.289791438
8,77,315,0.244444444
9,23,115,0.2
10,7,23,0.304347826
11,2,14,0.142857143
12,0,3,0