,month,status_x,click_count,status_y,buy_count,ratio
0,4,0,1529600,1,91587,0.059876438
1,5,0,1525831,1,88004,0.057676112
2,6,0,1397925,1,76493,0.054718958
3,7,0,1283459,1,67348,0.052473823
4,8,0,1973653,1,105152,0.053277856
5,9,0,1539462,1,81112,0.052688537